유형,대회명,웹페이지,시작일,종료일
경진대회,"Playground Series - Season 3, Episode 8",https://www.kaggle.com/competitions/playground-series-s3e8,2023-02-21,2023-03-06
경진대회,제1회 코스포 x 데이콘 자동차 충돌 분석 AI경진대회(채용 연계형),https://dacon.io/competitions/official/236064/overview/description,2023-02-06,2023-03-13
경진대회,GoDaddy - Microbusiness Density Forecasting,https://www.kaggle.com/competitions/godaddy-microbusiness-density-forecasting,2022-12-15,2023-03-14
경진대회,Learning Equality - Curriculum Recommendations,https://www.kaggle.com/competitions/learning-equality-curriculum-recommendations,2022-12-15,2023-03-14
경진대회,March Machine Learning Mania 2023,https://www.kaggle.com/competitions/march-machine-learning-mania-2023,2023-02-15,2023-03-16
경진대회,ML Olympiad 2023 (대회별 종료일 상이),https://developers.googleblog.com/2023/02/MLOlympiad2023.html?m=1,2023-02-20,2023-03-17
경진대회,Warmup Round - March Machine Learning Mania 2023,https://www.kaggle.com/competitions/warmup-round-march-machine-learning-mania-2023,2023-02-15,2023-03-17
경진대회,노트북으로 GPT 맛보기(대회 종료일 3/30),https://aiconnect.kr/competition/detail/223,2023-02-14,2023-03-19
공모전,모두의 아이디어랩 : MODU's WHYdeaLab,https://event-us.kr/modu/event/58835,2023-03-13,2023-03-23
경진대회,제1회 비트무사(Bitmusa) 모의트레이딩 대회,https://www.all-con.co.kr/view/contest/493435?page=1&sortname=cl_order&sortorder=asc&t=1&ct=4%7C1&sc=25%7C2%7C6&tg=,2023-03-09,2023-03-23
공모전,2023 야구 칼럼 공모전,https://aceprojectrecruit.notion.site/69f6b7584b454d82b988b5e6b5f2be2b,2023-02-20,2023-03-24
공모전,2023년 강서구 빅데이터 활용 공모전,https://www.gangseo.seoul.kr/reserve/re040101/view?aplySn=44&amp;curPage=1%E2%80%8B,2023-02-20,2023-03-24
경진대회,데이콘 Basic 전화 해지 여부 분류 AI 경진대회,https://dacon.io/competitions/official/236075/overview/description,2023-03-13,2023-03-27
공모전,2023년 제10회 유닛로드시스템(ULS) 창의성 공모전,http://www.kopal.or.kr/index.php/customer/notice_view/pk/123,2023-03-01,2023-03-31
공모전,KIMS 인공지능 과학토크 공모전,https://sangsang.kims.re.kr/,2023-03-02,2023-03-31
공모전,나노영챌린지 2023(Nano Young Challenge 2023),https://www.kontrs.or.kr/news/notice.php?admin_mode=read&no=603,2023-02-27,2023-04-03
경진대회,월간 데이콘 ChatGPT 활용 AI 경진대회,https://dacon.io/competitions/official/236071/overview/description,2023-03-13,2023-04-10
공모전,2023년도 상반기 주택금융연구 논문 공모,https://www.e-hfr.org/board/view?b_name=bo_notice&bo_id=4&per_page=,2023-02-27,2023-04-16
경진대회,"Playground Series - Season 3, Episode 12",https://www.kaggle.com/competitions/playground-series-s3e12,2023-04-04,2023-04-17
공모전,챗GPT MS애저톤,https://aifactory.space/competition/detail/2290,2023-03-05,2023-04-18
경진대회,IceCube - Neutrinos in Deep Ice,https://www.kaggle.com/competitions/icecube-neutrinos-in-deep-ice,2023-01-19,2023-04-20
경진대회,제4회 2023 연구개발특구 AI SPARK 챌린지,https://aifactory.space/competition/detail/2299,2023-03-17,2023-04-21
경진대회,데이콘 Basic 칼로리 소모량 예측 AI 경진대회,https://dacon.io/competitions/official/236097/overview/description,2023-04-10,2023-04-24
공모전,2023년 제3회 금융 데이터 활용 아이디어 경진대회,https://event.jbci.or.kr/sub/s1_1_view.html?id=216,2023-03-08,2023-04-25
경진대회,Lux AI Season 2,https://www.kaggle.com/competitions/lux-ai-season-2,2023-02-15,2023-04-25
공모전,디지털정부서비스 아이디어 공모,https://www.mois.go.kr/frt/bbs/type013/commonSelectBoardArticle.do?bbsId=BBSMSTR_000000000006&nttId=99472,2023-03-23,2023-04-27
공모전,2023년 공공데이터 기반 청소년상담복지사업 국민 아이디어 공모전,https://www.kyci.or.kr/boardManagement/board.asp?menuCategory=5&page=&nselect=&findstr=&bid=bid_1&subView=&boIdxMax=&board_menu=view&boIdx=6954,2023-04-01,2023-04-30
공모전,지역경제플랫폼 chak 아이디어 공모전,https://www.komsco.com/kor/article/bodo/18422?mno=&pageIndex=1&searchCondition=&searchKeyword=,2023-04-01,2023-04-30
공모전,2023년 제 21회 통계청 논문 공모전,https://sri.kostat.go.kr/menu.es?mid=a90206010100,2023-03-10,2023-04-30
공모전,제2회 ETRI 휴먼이해 인공지능 논문경진대회,https://aifactory.space/competition/detail/2234,2023-02-20,2023-04-30
경진대회,Classification with a Tabular Vector Borne Disease Dataset,https://www.kaggle.com/competitions/playground-series-s3e13,2023-04-18,2023-05-01
경진대회,Google - Isolated Sign Language Recognition,https://www.kaggle.com/competitions/asl-signs,2023-02-23,2023-05-02
공모전,약자 혁신기술 개발지원을 위한 문제발굴 시민 공모,https://news.seoul.go.kr/welfare/archives/551704,2023-04-17,2023-05-04
공모전,2023년 광진구 빅데이터 분석 공모전,https://gwangjin.go.kr/portal/bbs/B0000003/view.do?nttId=6034623&menuNo=200192,2023-03-20,2023-05-04
공모전,SKT AI Fellowship,https://www.sktuniv.com/?utm_source=everytime&utm_medium=banner&utm_campaign=sktaifellowship_5th,2023-04-11,2023-05-07
공모전,2023 SW개발 공모전(장애인 생활개선 및 복지향상을 위한 솔루션 개발),https://www.ictcoc.kr/04_com_n/com02_view.asp?idx=755&page=1&params=,2023-04-10,2023-05-07
공모전,"Social ""VALUE UP""아이디어 공모전",https://dlca.career.greetinghr.com/valueup1,2023-04-12,2023-05-07
공모전,2023년 부동산서비스산업 창업경진대회,https://www.reb.or.kr/reb/cm/cntnts/cntntsView.do?mi=9765&cntntsId=1160,2023-02-27,2023-05-08
공모전,2023년도 관세평가 및 품목분류 연구논문 & 관세평가 판례평석 공모전,http://www.kctdi.co.kr/html_researchpaper/info/info_1.jsp?p_type=HT1_01_01_01,2023-04-10,2023-05-08
경진대회,월간 데이콘 항공편 지연 예측 AI 경진대회,https://dacon.io/competitions/official/236094/overview/description,2023-04-03,2023-05-08
경진대회,Predict Student Performance from Game Play,https://www.kaggle.com/competitions/predict-student-performance-from-game-play,2023-02-06,2023-05-08
공모전,"도심에서 열리는 해커톤, SBA x 구름 새싹톤",https://sesacthon-apply.goorm.io/?utm_source=onoffmix&utm_medium=social&utm_campaign=sasacthon&utm_content=link,2023-04-24,2023-05-09
경진대회,제5회 2023 연구개발특구 AI SPARK 챌린지,https://aifactory.space/competition/detail/2315,2023-04-14,2023-05-11
공모전,결핵 스마트 관리 솔루션 개발 공모전,http://www.stoptbk.org/mobile/news/bbs001/2826?,2023-03-20,2023-05-12
공모전,ICT&스마트헬스케어 기반 스포츠산업 아이디어 경진대회,http://smarthealth.or.kr/bbs/board.php?bo_table=annonce&wr_id=79,2023-04-25,2023-05-13
공모전,2023 지식재산 데이터 활용 창업 경진대회,https://plus.kipris.or.kr/portal/main/contents.do?menuNo=210180,2023-03-14,2023-05-13
공모전,CJ대한통운 제 2회 물류혁신 아이디어 PT대회,https://mrecruit.cj.net/recruit/ko/recruit/recruit/detail.fo?zz_jo_num=7509,2023-04-25,2023-05-14
공모전,혁신공공서비스 발굴을 위한 서울시 생성 AI 해커톤,https://aifactory.space/competition/detail/2374,2023-04-12,2023-05-14
경진대회,Prediction of Wild Blueberry Yield,https://www.kaggle.com/competitions/playground-series-s3e14,2023-05-02,2023-05-15
경진대회,제2회 코스포 x 데이콘 도서 추천 알고리즘 AI경진대회(채용 연계형),https://dacon.io/competitions/official/236093/overview,2023-04-17,2023-05-15
공모전,"신한AI, 보다 나은 금융 생활을 위한 AI 서비스 아이디어 경진대회",https://dacon.io/competitions/official/236088/overview/description,2023-04-10,2023-05-15
경진대회,2023 IQC (International Quant Championship) 대회,https://platform.worldquantbrain.com/iqc,2023-03-03,2023-05-15
경진대회,Stable Diffusion - Image to Prompts,https://www.kaggle.com/competitions/stable-diffusion-image-to-prompts,2023-02-13,2023-05-16
공모전,2023년 국민참여예산 아이디어 공모전,https://www.kisa.or.kr/401/form?postSeq=3100,2023-04-19,2023-05-17
공모전,2023년 보건의료 통계정보 활용 경진대회,https://opendata.hira.or.kr/noticePopUp.do,2023-04-24,2023-05-17
경진대회,Ennovate- Coding Challenge 2023,https://ennovate.hackerearth.com/,2023-04-10,2023-05-18
공모전,2023 관광데이터 활용 공모전,http://2023tourapi.com/m/,2023-04-11,2023-05-18
경진대회,AMP®-Parkinson's Disease Progression Prediction,https://www.kaggle.com/competitions/amp-parkinsons-disease-progression-prediction,2023-02-16,2023-05-18
공모전,e-보고서 운영방안 아이디어 공모전,https://www.ipmarket.or.kr/idearo/service/idc/chlg/idcDetail.do?idcId=KPOIP_IDC_20230509093503254,2023-05-10,2023-05-19
공모전,2023 현대오토에버 배리어프리 앱개발 콘테스트,https://www.autoeverapp.kr/,2023-04-17,2023-05-21
경진대회,도배 하자 유형 분류 AI 경진대회,https://dacon.io/competitions/official/236082/overview/description,2023-04-10,2023-05-22
공모전,2023 춘계통합학회 대학(원)생 ERP 아이디어 공모전,https://kmis.or.kr/kmis/sub02/sub02_view.asp?Idx=2026&gotoPage=1&sBCode=A01&sItem=&sTxt=&go=,2023-03-22,2023-05-22
공모전,무역 · 무역보험 관련 공공데이터 활용 아이디어,https://www.ipmarket.or.kr/idearo/service/idc/chlg/idcDetail.do?idcId=KPOIP_IDC_20230411015835738,2023-04-12,2023-05-23
경진대회,FathomNet 2023,https://www.kaggle.com/competitions/fathomnet-out-of-sample-detection,2023-03-23,2023-05-23
공모전,제3회 웅진씽크빅 게임 개발 챌린지,https://wjtbgamechallenge.com/,2023-04-03,2023-05-25
경진대회,BirdCLEF 2023,https://www.kaggle.com/competitions/birdclef-2023,2023-03-08,2023-05-25
공모전,2023 농식품 소비 빅데이터 논문경진대회,https://www.rda.go.kr/board/board.do?boardId=ancmtt&prgId=nei_ancmttEntry&menu_id=pun&currPage=1&dataNo=100000786782&mode=updateCnt&searchKey=&searchVal=#script,2023-04-24,2023-05-26
경진대회,HackAPrompt Challenge,https://www.aicrowd.com/challenges/hackaprompt-2023,2023-05-05,2023-05-26
공모전,CCF 2023 챗GPT 질문 공모전,http://www.coreaimage.org/index.php?mid=notice&page=1&document_srl=4606895,2023-05-04,2023-05-26
공모전,2023 KoAT 대국민 혁신 아이디어 공모전,https://www.koat.or.kr/board/notice/14222/view.do,2023-05-08,2023-05-26
공모전,2023년 장애인 분야 해커톤 대회 : 장애 플러스 기술,https://www.herbnanum.org/load.asp?subPage=411.View&idx=2748,2023-05-01,2023-05-26
공모전,2023년 해양환경측정망 자료 활용 논문 공모전,https://kosmee.or.kr/%EA%B3%B5%EC%A7%80%EC%82%AC%ED%95%AD/11727715,2023-03-27,2023-05-26
공모전,제7회 서울혁신챌린지,https://seoul.rnbd.kr/client/c030100/c030100_04.jsp?sField=&sWord=&sFlag=&cPage=1&seqNo=207,2023-04-12,2023-05-28
경진대회,Feature Imputation with a Heat Flux Dataset,https://www.kaggle.com/competitions/playground-series-s3e15/overview,2023-05-16,2023-05-29
경진대회,헬스케어 빅데이터 쇼케이스 분석 챌린지,https://hb-showcase.kr/promotion/contest/,2023-05-10,2023-05-30
공모전,2023년 GKL 국민 혁신 아이디어 공모전,https://www.grandkorea.com/NOTI_01/detail?TMENUID=US_NOTI&SMENUID=US_NOTI_01&seq=30351,2023-05-04,2023-05-31
공모전,제 4회 스토리네이션 공모전 <AI 소설 창작 대작전>,https://home.storynation.co.kr/event1.html,2023-05-02,2023-05-31
공모전,2023 대학생 알고리즘 투자대회,https://drive.google.com/file/d/1Qn4dYZjDLa9cMUusmnoxXmIosCno1NXC/view?usp=drivesdk https://docs.google.com/forms/d/e/1FAIpQLSeMdsTwhBA6Ey8WQGmJ4VgLINDFU89Uslfe8qq1qiV4Zt8Tpg/viewform,2023-05-02,2023-05-31
공모전,제5회 대구 빅데이터 분석 경진대회,https://dipbigdata.kr/pages/sub.htm?mode=view&mv_data=aWR4PTEwOSZzdGFydFBhZ2U9MCZsaXN0Tm89OCZ0YWJsZT1jc19iYnNfZGF0YSZuYXZfY29kZT1kaXAxNjY0ODQ4NjgyJmNvZGU9bm90aWNlMDAxJnNlYXJjaF9pdGVtPSZzZWFyY2hfb3JkZXI9Jm9yZGVyX2xpc3Q9Jmxpc3Rfc2NhbGU9JnZpZXdfbGV2ZWw9JnZpZ,2023-05-04,2023-05-31
공모전,2023년 성남시 공공데이터 활용·분석 아이디어 공모전,https://www.seongnam.go.kr/city/1000053/30003/bbsView.do?idx=337610,2023-04-17,2023-05-31
공모전,올담 데이터 활용 시각화 경진대회,http://www.chungnam.go.kr/contest/board.do?mnu_url=/cnbbs/view.do?board_seq=418366&mnu_cd=CONMENU00008&code=265,2023-04-13,2023-05-31
공모전,제16회 알테어 최적화 대회(AOC2023),https://web.altair.com/aoc2023?utm_campaign=APAC-KR-2023-04-EDU-CVG-AOC2023,2023-04-08,2023-05-31
공모전,캠코 대국민 서비스 향상을 위한 IDEA 공모,https://www.kamco.or.kr/portal/bbs/view.do?mId=0701010000&bIdx=11805&ptIdx=380,2023-05-08,2023-06-02
공모전,2023년 개방데이터 융·복합 활용 창업경진대회,http://www.mogefdatacontest.co.kr/,2023-04-17,2023-06-02
경진대회,BIO x ML HACKATHON,https://hackathon.bio/,2023-05-26,2023-06-04
공모전,2023 환경데이터 활용 및 분석 공모전,https://www.ecothon.kr/,2023-04-24,2023-06-04
경진대회,월간 데이콘 음성 감정 인식 AI 경진대회,https://dacon.io/competitions/official/236105/overview/description,2023-05-08,2023-06-05
경진대회,2023 현대자동차 연구개발본부 AI 경진대회,https://www.apply.hyundai-ai-competition.com/,2023-05-15,2023-06-06
공모전,2023년 보건의료빅데이터 활용 창업경진대회,https://linkareer.com/activity/129390,2023-04-10,2023-06-08
경진대회,Parkinson's Freezing of Gait Prediction,https://www.kaggle.com/competitions/tlvmc-parkinsons-freezing-gait-prediction/overview/,2023-03-09,2023-06-08
공모전,자동차산업 오픈플랫폼 생태계 활성화 아이디어 경진대회,https://dipbigdata.kr/pages/sub.htm?mode=view&mv_data=aWR4PTEyMSZzdGFydFBhZ2U9MCZsaXN0Tm89MTAmdGFibGU9Y3NfYmJzX2RhdGEmbmF2X2NvZGU9ZGlwMTY2NDg0ODY4MiZjb2RlPW5vdGljZTAwMSZzZWFyY2hfaXRlbT0mc2VhcmNoX29yZGVyPSZvcmRlcl9saXN0PSZsaXN0X3NjYWxlPSZ2aWV3X2xldmVsPSZ2a,2023-05-25,2023-06-09
공모전,2023 엔지니어링산업 경진대회,https://www.engcontest.or.kr/,2023-05-15,2023-06-09
공모전,국방 난제해결 아이디어 공모전,https://www.ipmarket.or.kr/idearo/service/itr/evt/eventMngtDetail.do?eventMngtId=EVENT_00000000000571,2023-05-10,2023-06-09
경진대회,2023 날씨 빅데이터 콘테스트,https://bd.kma.go.kr/contest/main.do,2023-05-08,2023-06-09
공모전,AI Agents Hackathon,https://lablab.ai/event/ai-agents-hackathon,2023-05-27,2023-06-10
공모전,2023 국방 공공데이터 활용 경진대회,https://data.mnd.go.kr/user/boardList.action?command=view&page=1&boardId=O_60283&boardSeq=O_334860&titleId=null&siteId=data&id=data_120100000000&column=null&search=null,2023-05-08,2023-06-11
경진대회,Regression with a Crab Age Dataset,https://www.kaggle.com/competitions/playground-series-s3e16,2023-05-30,2023-06-12
공모전,[한국조폐공사] ‘정품인증기술'을 활용한 신사업 컨셉 아이디어,https://www.ipmarket.or.kr/idearo/service/idc/chlg/idcDetail.do,2023-05-11,2023-06-12
공모전,에너지 계량 빅데이터 플랫폼 국민 활용 아이디어,https://www.ipmarket.or.kr/idearo/service/idc/chlg/idcDetail.do?idcId=KPOIP_IDC_20230420050453335,2023-04-24,2023-06-12
공모전,기업문화혁신 지원 모바일 앱 아이디어 공모전,https://www.ksystem.co.kr/notice/?uid=396&mod=document&pageid=1,2023-03-29,2023-06-12
경진대회,Benetech - Making Graphs Accessible,https://www.kaggle.com/competitions/benetech-making-graphs-accessible,2023-03-21,2023-06-12
공모전,제2회 교원그룹 AI 챌린지 - 생성 AI기반 에듀테크 사업 제안 대회,https://aifactory.space/competition/detail/2202,2023-05-18,2023-06-13
경진대회,Image Matching Challenge 2023,https://www.kaggle.com/competitions/image-matching-challenge-2023,2023-04-11,2023-06-13
공모전,2023년 전력거래소 적극행정&규제혁신&경영혁신 국민아이디어 공모전,https://new.kpx.or.kr/board.es?mid=a10501010000&bid=0042&list_no=69448&act=view,2023-05-15,2023-06-14
경진대회,Vesuvius Challenge - Ink Detection,https://www.kaggle.com/competitions/vesuvius-challenge-ink-detection,2023-03-15,2023-06-14
공모전,제 2회 서울시 골목경제 부활 프로젝트,https://jalnagage.kt.co.kr/support/notice/?supportCode=107,2023-05-17,2023-06-15
경진대회,Amazon KDD Cup '23,https://www.aicrowd.com/challenges/amazon-kdd-cup-23-multilingual-recommendation-challenge,2023-03-15,2023-06-15
공모전,제 11회 K-해커톤,http://www.k-hackathon.com,2023-05-15,2023-06-15
공모전,"2023 대전시/대덕특구, 과학기술로 해결할 수 있는 지역문제 아이디어 공모전",http://djpick.kr/site/2023/05/index.php,2023-05-25,2023-06-16
공모전,2023 제2회 영천시 공공데이터 활용 경진대회,https://www.ycdatacon.kr/,2023-04-17,2023-06-16
공모전,제2회 국토정보 창업공모전,https://startup.lx.or.kr/notice/participation_view.do?boardNo=38,2023-05-22,2023-06-16
공모전,공공데이터 활용 관광활성화 아이디어 공모전(경상북도문화관광공사),https://www.gtc.co.kr/Board.gtc?method=boardView&brd_id=board02&brd_num=72131&pageMode=home&top=3&sub=2&sub2=0&sub3=0,2023-05-15,2023-06-16
공모전,2023 전주시 데이터 분석 공모전,https://data.jeonju.go.kr/data/main/board.action?cmsid=101050100000&method=v&idx=220,2023-05-01,2023-06-16
공모전,인물 데이터 분석 아이디어 공모전,http://www.kesgresearch.com/index.php?pages=news&sub=news4010&m=read&IDX=5869,2023-04-10,2023-06-16
공모전,2023 영천시 공공데이터 활용 경진대회,https://www.ycdatacon.kr/,2023-04-17,2023-06-16
공모전,고 그린(Go Green) 2023,https://m.blog.naver.com/PostView.naver?blogId=schneiderkor&logNo=223120002896&navType=by,2023-05-19,2023-06-18
공모전,생성형 AI로 만드는 고양이 NFT 그림 공모전,https://m.minglemint.com/competition/69520fd0-a255-41e1-8641-5b0d1550e9dd?tab=item,2023-04-24,2023-06-18
공모전,2023 국방기술을 활용한 창업경진대회,http://www.dapa-startup.kr/,2023-05-16,2023-06-19
경진대회,합성데이터 기반 객체 탐지 AI 경진대회,https://dacon.io/competitions/official/236107/overview/description,2023-05-08,2023-06-19
공모전,제21회 임베디드 소프트웨어 경진대회,https://www.eswcontest.or.kr/main.php,2023-05-01,2023-06-19
공모전,MATLAB 대학생 AI 경진대회 2023,https://kr.mathworks.com/academia/student-challenge/2023/ai-challenge.html?s_eid=PEP_31213,2023-04-24,2023-06-20
공모전,2023년 청년 국가재정 마스터,http://www.nsi.or.kr/community/board_view.php?idx=738&bbs_code=exprv2,2023-05-29,2023-06-21
공모전,2023 오픈소스 컨트리뷰션 아카데미,https://www.oss.kr/notice/show/7b08b07d-b566-42cb-9193-da299ea4197c,2023-06-02,2023-06-21
공모전,제10회 해양수산 정보서비스·비즈니스 아이디어 공모전,https://www.mof.go.kr/contest,2023-04-21,2023-06-21
공모전,The http://monday.com/ AI app hackathon,https://lablab.ai/event/monday-ai-app-hackathon,2023-06-21,2023-06-23
공모전,"AI + Web3 Pitch Competition, OnePiece Labs - Sei Labs",https://www.eventbrite.com/e/ai-web3-pitch-competition-onepiece-labs-sei-labs-tickets-625106890537?aff=ebdsoporgprofile,2023-06-17,2023-06-23
공모전,제2회 이민행정 데이터 활용 경진대회,https://www.moj.go.kr/bbs/moj/184/569920/artclView.do,2023-04-24,2023-06-23
공모전,제4회 중소기업 통계데이터 활용 정책아이디어 공모전,https://www.kbiz.or.kr/ko/contest/view.do?seq=41&mnSeq=1202,2023-06-05,2023-06-23
공모전,"해운대구, 창의 톡톡 빅데이터 아이디어 공모",https://www.haeundae.go.kr/board/view.do?boardId=BBS_0000038&menuCd=DOM_000000104001001000&startPage=1&dataSid=3101689,2023-05-22,2023-06-23
공모전,2023년 위치정보 우수 비즈니스 모델 발굴 프로젝트,https://www.startupn.kr/bbs/view.html?idxno=2936&sc_category=,2023-05-15,2023-06-23
공모전,2023년 식의약 데이터 활용경진대회,https://data.mfds.go.kr/OPHAA01F01/cntsDetailView?cntsSeq=4&tab=tab0,2023-04-24,2023-06-23
공모전,2023년 경상남도 공공데이터 활용 아이디어 공모전,https://www.geochang.go.kr/news/board/View.do?pageCd=NW0101000000&siteGubun=news&gcode=1002&idx=14072470,2023-04-17,2023-06-23
공모전,2023 현대모비스 ESG 아이디어톤,https://mobisthon.com,2023-06-09,2023-06-25
경진대회,데이콘 Basic 자동차 가격 예측 AI 경진대회,https://dacon.io/competitions/official/236114/overview/description,2023-06-12,2023-06-26
공모전,2023 ICT 스마트 디바이스 전국 공모전,http://digitalopenlab.or.kr/main/index.php,2023-05-24,2023-06-26
공모전,Plug into AI with AI21,https://lablab.ai/event/plug-into-ai-with-ai21,2023-05-27,2023-06-28
공모전,2023년 국토교통 데이터 활용 경진대회,https://www.bigdata-transportation.kr/pageant/dashboard/CMPE_000000000020011,2023-04-21,2023-06-28
공모전,2023 미래에셋증권 빅데이터 페스티벌,https://miraeassetfesta.com/,2023-05-22,2023-06-29
공모전,한국교통안전공단 개방형 혁신 대국민 아이디어 공모,https://www.kotsa.or.kr/portal/bbs/notice_view.do?bbscCode=notice&bbscSeqn=18021&menuCode=05010100,2023-06-16,2023-06-30
공모전,2023년도 KORAD 공공데이터 개방 및 활용 대국민 아이디어 공모,https://www.korad.or.kr/korad/board/view.do?menu_idx=54&manage_idx=22&board_idx=1324323&viewPage=1&search_type=title%2Bcontent#,2023-05-30,2023-06-30
공모전,서울 웹3 페스티벌(해커톤/데모데이),https://www.seoulweb3festival.com/,2023-06-14,2023-06-30
공모전,CJ대한통운 미래기술 챌린지 2023,https://www.cjlogistics.com/ko/main,2023-06-05,2023-06-30
공모전,2023년 농림축산식품 공공·빅데이터 활용 창업경진대회,https://data.mafra.go.kr/contest/competitionNew.do,2023-03-20,2023-06-30
공모전,2023년 제주 공공데이터 활용 창업경진대회,https://www.jejudsi.kr/idea.htm?act=view&contest=26,2023-05-22,2023-06-30
공모전,2023 RecurDyn Simulation 경진대회,https://support.functionbay.com/ko/blog/single/1209,2023-06-26,2023-06-30
공모전,경상남도 자원봉사 연구공모전,https://www.gnbongsa.net/info/?uid=4924&mod=document,2023-05-29,2023-06-30
공모전,2023년 제1회 재난안전데이터 활용 창업경진대회,https://www.mois.go.kr/frt/bbs/type013/commonSelectBoardArticle.do?bbsId=BBSMSTR_000000000006&nttId=100225,2023-05-01,2023-06-30
공모전,2023 개인정보 위험 대응 공모전,https://www.pipc.go.kr/np/cop/bbs/selectBoardArticle.do?bbsId=BS061&mCode=C010010000&nttId=8817,2023-05-01,2023-06-30
공모전,게임정책 연구 활성화를 위한 논문 공모전,https://blog.naver.com/PostView.naver?blogId=gracgame&logNo=223087905563&categoryNo=1&parentCategoryNo=&from=thumbnailList,2023-06-01,2023-06-30
공모전,2023 서울 열린데이터광장 공공데이터 활용 모바일 앱/웹 경진대회,https://data.seoul.go.kr/together/notice/boardView.do?seq=4eab5b7659157836591d1ac6cb966b63&pageIndex=1,2023-04-03,2023-06-30
공모전,2023년 농림축산식품 공공빅데이터 활용 창업 경진대회,https://data.mafra.go.kr/contest/competitionNew.do,2023-03-20,2023-06-30
공모전,제3회 해양경찰 데이터 활용 대국민 아이디어 공모전,https://kcg.go.kr/kcg/na/ntt/selectNttInfo.do?nttSn=37592,2023-05-05,2023-07-01
경진대회,위성영상을 활용한 정유탱크/컨테이너 탐지 AI 경진대회,https://aifactory.space/page/kari,2023-06-15,2023-07-02
공모전,2023년 공공데이터 기반 지역사회 현안 해결 프로젝트,https://www.onoffmix.com/event/276747,2023-05-25,2023-07-02
경진대회,Generative AI Competition,https://bitgrit.net/competition/18,2023-04-11,2023-07-02
공모전,제5회 교육 공공데이터 분석활용대회,https://edss.moe.go.kr/brd/BcontDetlRM.do;jsessionid=000003lSU6hNMtcuok25KldKMxj:-1,2023-04-10,2023-07-02
공모전,2023 제 1 회 농식품 마케팅 공모전,https://www.live-contest.com/marketing/?idx=15242834&bmode=view,2023-06-15,2023-07-03
경진대회,월간 데이콘 법원 판결 예측 AI 경진대회,https://dacon.io/competitions/official/236112/overview/description,2023-06-05,2023-07-03
공모전,핀테크 포용금융 핵셀러레이터,https://fintech.or.kr/web/board/boardContentsView.do?board_id=3&contents_id=011c24ed6bfb46f78381b32ff751ed4e,2023-06-07,2023-07-04
공모전,2023년 외교 공공데이터 활용 경진대회,https://www.epeople.go.kr/cmmn/idea/redirect.do?ideaRegNo=1AE-2305-0000225,2023-05-10,2023-07-04
공모전,BiG(Busan is Good) Data Hackathon,https://www.dxchallenge.co.kr/events/BDHackathon,2023-06-28,2023-07-05
공모전,제3회 KOPIS 빅데이터 공모전,https://www.kopis.or.kr/por/cs/notice/csNoticeListView.do?ntt_id=2752&listCurPage=1&srchType=subject&srchText=&menuId=MNU_000104,2023-06-01,2023-07-05
경진대회,2023년 지질자원 데이터 활용 및 인공지능 경진대회,https://www.geodata-con.kr/2023/,2023-06-05,2023-07-05
공모전,2023년 전라남도 공공ㆍ빅데이터 활용 아이디어 공모전,https://www.jeonnam.go.kr/M7124/boardView.do?seq=1935565&infoReturn=&menuId=jeonnam0201000000&displayHeader=&searchType=&searchText=&pageIndex=1&boardId=M7124&displayHeader=,2023-05-15,2023-07-05
공모전,서울시농수산식품공사 2023년 혁신 아이디어 공모전,https://inuri30.garak.co.kr/main/main.do,2023-06-26,2023-07-07
공모전,FSI Data Challenge 2023,https://www.findatamall.or.kr/fsec/board/view.do?cmnx=61&idx=174,2023-06-12,2023-07-07
공모전,2023 춘천시 빅데이터 분석 경진대회,http://www.kado.net/news/articleView.html?idxno=1187103,2023-06-13,2023-07-07
공모전,[2023 착한 아이디어 경진대회] 물품 기부문화 확산 아이디어,https://www.ipmarket.or.kr/idearo/service/idc/chlg/idcDetail.do,2023-06-08,2023-07-07
공모전,Plug into AI with AI21,https://lablab.ai/event/plug-into-ai-with-ai21,2023-06-28,2023-07-07
공모전,한국공항공사 공항 혁신(기술) 아이디어 공모전,https://www.airport.co.kr/www/cms/frBoardCon/boardView.do?MENU_ID=1100&SITE_NO=2&BOARD_SEQ=1&BBS_SEQ=3554243,2023-05-08,2023-07-07
공모전,Google Cloud Vertex AI Hackathon,https://lablab.ai/event/google-vertex-ai-hackathon,2023-06-20,2023-07-08
경진대회,Explore Multi-Label Classification with an Enzyme Substrate Dataset,https://www.kaggle.com/competitions/playground-series-s3e18,2023-06-27,2023-07-10
공모전,폴라리스쉐어 천하제일 AI 대회,https://documents.polarishare.io/m/ai-contest,2023-06-26,2023-07-10
공모전,Open Source AI Game Jam,https://itch.io/jam/open-source-ai-game-jam,2023-06-08,2023-07-10
공모전,2023년 산림공공 빅데이터 활용 창업경진대회,https://www.forest.go.kr/newkfsweb/cop/bbs/selectBoardArticle.do?nttId=3183313&bbsId=BBSMSTR_1031&pageUnit=10&ctgryMdcls=&ctgrySmcls=&ntcEndDt=&mn=KFS_02_04_07_01,2023-05-17,2023-07-10
공모전,2023 제 11회 공공데이터 활용 BI 공모전(빅데이터 분석),https://datacontest.kr/,2023-05-10,2023-07-10
공모전,2023 제 11회 공공데이터 활용 BI 공모전(아이디어 기획/제품 및 서비스 개발),https://datacontest.kr/,2023-04-17,2023-07-10
공모전,제5회 오티콘챌린지,http://oticon-event.com/content/campaign.html,2023-06-09,2023-07-13
공모전,제11회 문화데이터 활용 경진대회,https://www.culture.go.kr/data/contest/main.do,2023-05-25,2023-07-13
공모전,제11회 충남 공공데이터 활용 창업경진대회,https://ccei.creativekorea.or.kr/chungnam/allim/allim_view.do?no=13099,2023-07-13,2023-07-14
공모전,2023 사회보장정보와 공공·민간 빅데이터를 활용한 국민행복서비스 발굴·창업경진대회,http://www.ssis.or.kr/lay1/bbs/S1T67C95/A/102/view.do?article_seq=125156&cpage=1&rows=10&condition=&keyword=,2023-06-05,2023-07-14
공모전,하나 디지털 파워 온 프로젝트,https://www.hanapoweron.com/digitalpoweron/,2023-06-12,2023-07-16
경진대회,제33회 대학생 모의투자대회,https://www.kiwoom.com/m/mock/ordinary/VMockConTotalCHOMEView,2023-05-22,2023-07-16
공모전,2023 Kaggle AI Report,https://www.kaggle.com/competitions/2023-kaggle-ai-report,2023-05-11,2023-07-16
공모전,통계청 제10회 국가승인통계 활용 디지털콘텐츠 공모전,https://kosis.kr/contest/index.do,2023-05-15,2023-07-16
공모전,융·복합 데이터 활용 창업경진대회 공모전,https://www.koenergy.kr/kosep/ct/info.do,2023-06-13,2023-07-17
공모전,블록체인·핀테크 경진대회 『BEST Challenge』,https://litt.ly/2023best,2023-05-31,2023-07-17
공모전,2023년 트래블 이노베이션 아이디어 공모전,https://yanolja-research.com/notice/view/1,2023-07-03,2023-07-17
경진대회,2023년 k-ium 의료인공지능경진대회,https://www.k-ium.com/#/home/index,2023-06-19,2023-07-18
공모전,제6회 핀테크 아이디어 공모전,https://fintech.or.kr/web/board/boardContentsListPage.do?board_id=1&menu_id=6100&miv_pageNo=,2023-06-12,2023-07-19
공모전,2023 관광분야 GEN AI 해커톤,https://genai.quv.kr/,2023-07-03,2023-07-20
공모전,2023년 문화관광 데이터 분석대회,http://www.tourbigdata.kr/introduce.asp,2023-06-26,2023-07-20
공모전,제1회 국회미래연구원 행복연구 논문공모전,https://www.nafihappy.com/,2023-06-07,2023-07-20
공모전,제17회 공개SW 개발자대회,https://www.oss.kr/dev_competition,2023-06-15,2023-07-20
경진대회,Fake or Real: AI 생성 이미지 판별 경진대회,https://aiconnect.kr/competition/detail/227,2023-05-24,2023-07-20
공모전,2023 AI HACKATHON,https://udemy.wjtb.co.kr/event/id/179?utm_medium=udemyads&utm_source=wj-facebook&utm_campaign=bat_traffic_individual_jocoding-hackathon-slide&utm_content=all_interest&utm_term=da_slide_all_1080x1080_230626,2023-06-26,2023-07-21
공모전,부동산 소비자 보호와 지속가능한 부동산산업 발전을 위한 우수논문 공모전,https://www.reb.or.kr/research/na/ntt/selectNttInfo.do?mi=9424&nttSn=87473,2023-06-19,2023-07-21
공모전,2023년 국민안전 발명챌린지 대국민 공고,https://www.ipmarket.or.kr/idearo/service/itr/evt/eventMngtDetail.do?eventMngtId=EVENT_00000000000581,2023-05-22,2023-07-21
공모전,[통계청] 2023년 통계데이터 활용대회,https://data.kostat.go.kr/sbchome/bbs/boardDetail.do?boardId=SBCSBBS_000000001000&postId=BI_00000000000097363&curMenuNo=OPT_03_03_00_0,2023-05-11,2023-07-21
공모전,2023년 충청북도 공공데이터 활용 창업경진대회,http://www.cbist.or.kr/home/sub.do?mncd=1131&mode=view&no=42733189,2023-05-08,2023-07-21
공모전,제2회 고용노동 공공데이터 활용 공모전,https://www.2023datacontest.co.kr/,2023-03-20,2023-07-21
공모전,2023년 대전자치경찰 ‘참․신․한’ 시민 아이디어 공모,https://www.daejeon.go.kr/seesaw/policyProposeList.do?menuSeq=5879,2023-06-22,2023-07-22
공모전,2023 공군 창의혁신 아이디어 공모 해커톤,https://rokaf.airforce.mil.kr/sites/hackathon/index.do,2023-06-01,2023-07-22
공모전,AI Agents Hackathon 2.0,https://lablab.ai/event/ai-agents-hackathon-2,2023-07-21,2023-07-23
공모전,2023년도 세종특별자치시 공공데이터 활용 창업경진대회,https://www.sejong.go.kr/shrUrl/SoI528KKnLs7QLzr2lP6.do,2023-06-08,2023-07-24
경진대회,HuBMAP - Hacking the Human Vasculature,https://www.kaggle.com/competitions/hubmap-hacking-the-human-vasculature,2023-05-22,2023-07-24
공모전,해커톤 JUNCTION ASIA 정션 아시아 2023,https://asia.hackjunction.com/home/,2023-07-03,2023-07-26
경진대회,제2회 데이터기반 리스크관리 경진대회,http://www.riskds.com/mobile/,2023-07-03,2023-07-26
경진대회,2023 ETRI 자율성장 인공지능 경진대회,https://fashion-how.org/ETRI23/,2023-06-28,2023-07-28
공모전,공공조달 빅데이터 활용 아이디어 공모전,https://www.pps.go.kr/kor/bbs/view.do;jsessionid=GjP_ij8aaLD6dl69Y6t5hBuQI2Z2IyijNiLOe1GoMK-COJ-2rRUC!-1981820111?key=00641&bbsSn=2306280008,2023-06-28,2023-07-28
경진대회,제2회 KRX 주식 투자 알고리즘 경진대회,https://dacon.io/competitions/official/236117/overview/description,2023-07-03,2023-07-28
공모전,ElevenLabs AI Hackathon,https://lablab.ai/event/eleven-labs-ai-hackathon,2023-07-28,2023-07-29
공모전,제 4회 스토리네이션 공모전 <AI 소설 창작 대작전> Part2.,https://docs.google.com/forms/d/e/1FAIpQLSfkkHQuCDTf79W5A0WHjPaqz-RjqYr7QK5z7jdo0X-Abw4q0A/viewform,2023-07-01,2023-07-30
경진대회,데이콘 Basic 풍속 예측 AI 경진대회,https://dacon.io/competitions/official/236126/overview/description,2023-07-17,2023-07-31
경진대회,Forecasting Mini-Course Sales,https://www.kaggle.com/competitions/playground-series-s3e19,2023-07-11,2023-07-31
공모전,제7회 KIPA-KAPA 데이터 활용 논문 공모전,https://www.kapa21.or.kr/bbs/notice/9064,2023-05-25,2023-07-31
공모전,2023 마이데이터 아이디어 공모전,https://kdata.or.kr/kr/board/notice_01/boardView.do?bbsIdx=33786,2023-06-28,2023-07-31
공모전,제14회 LH국토개발기술대전,https://lh.or.kr/land/intro.do,2023-07-01,2023-07-31
공모전,AI Edu Hackathon (AI 해커톤),https://ai-eduhackathon.imweb.me/,2023-06-19,2023-07-31
공모전,2023년 KHIDI 공공데이터 활용 아이디어 공모전,https://www.khidi.or.kr/board/matrixView?linkId=48895982&menuId=MENU00099&titleId=486054&searchCodeNm1=%EB%8F%99%ED%96%A5/%EC%A0%95%EC%B1%85/%EC%A0%9C%EB%8F%84&searchCodeNm2=%EB%B3%B4%EA%B1%B4%EC%82%B0%EC%97%85%EC%B4%9D%EA%B4%84&searchCode1=0001&searchCode2=0008,2023-06-12,2023-07-31
공모전,2023 디스플레이 챌린지 (DISPLAY CHALLENGE) 공모전,https://www.displaychallenge.co.kr/,2023-05-31,2023-07-31
공모전,제11회 범정부 공공데이터 활용 창업경진대회,https://www.data.go.kr/bbs/ntc/selectNotice.do?pageIndex=1&originId=NOTICE_0000000003047&atchFileId=FILE_000000002714661&nttApiYn=N&searchCondition2=2&searchKeyword1=,2023-03-01,2023-08-01
공모전,2023년 가명정보 활용 우수사례·아이디어 경진대회,https://data.privacy.go.kr/notice/openSqareNoticeDtl.html?noticeSeq=29,2023-05-30,2023-08-04
공모전,제4회 예술데이터가 바꾸는 세상 아이디어톤,https://www.arko.or.kr/board/view/4053?bid=&page=&cid=1806546,2023-07-10,2023-08-05
공모전,2023 비씨카드 신사업 아이디어 공모전 렛츠비씨(Let's Be Creative),https://www.bccard.com/app/card/BcnewsViewActn.do?newno=1623&newsurl=/card/html/etc/notice/1209333_21460.jsp,2023-07-10,2023-08-06
공모전,제11회 NTIS 정보활용 경진대회,https://www.ntis.go.kr/ThNewBoardView.do?idx=67581&boardDivCd=02&searchWord=&pageNumber=1&boardDivSeqNo=1&searchType=,2023-06-23,2023-08-06
경진대회,월간 데이콘 이미지 기반 질의 응답 AI 경진대회,https://dacon.io/competitions/official/236118/overview/description,2023-07-10,2023-08-07
경진대회,2023 CONNECT SUMMER AI 리그,https://aiconnect.kr/community/detail/173,2023-06-28,2023-08-07
경진대회,Google Research - Identify Contrails to Reduce Global Warming,https://www.kaggle.com/competitions/google-research-identify-contrails-reduce-global-warming,2023-05-10,2023-08-09
경진대회,Kaggle - LLM Science Exam,https://www.kaggle.com/competitions/kaggle-llm-science-exam,2023-07-11,2023-08-10
경진대회,Google - American Sign Language Fingerspelling Recognition,https://www.kaggle.com/competitions/asl-fingerspelling,2023-05-10,2023-08-10
공모전,올거나이즈 LLM App 경진대회,https://www.allganize.ai/ko/event,2023-07-24,2023-08-11
경진대회,CommonLit - Evaluate Student Summaries,https://www.kaggle.com/competitions/commonlit-evaluate-student-summaries,2023-07-12,2023-08-11
공모전,5th 패스핵 : Makers meet AI,https://event-us.kr/pathfinder/event/67642,2023-08-11,2023-08-12
공모전,WebGPU Hackathon,https://lablab.ai/event/webgpu-hackathon,2023-08-11,2023-08-12
공모전,3D AI Models Hackathon,https://lablab.ai/event/3d-ai-models-hackathon,2023-07-31,2023-08-12
경진대회,Microsoft Learn AI Skills Challenge,https://www.microsoft.com/en-US/cloudskillschallenge/ai/registration/2023?ocid=aisc23_CSC_bbanner_cnl,2023-07-17,2023-08-14
공모전,2023 미래한국 아이디어 공모전,https://www.ipmarket.or.kr/idearo/service/itr/evt/eventMngtDetail.do?eventMngtId=EVENT_00000000000591,2023-06-15,2023-08-14
공모전,제4회 재정데이터 활용 논문 공모전,https://www.fis.kr/ko/notification/notice?articleSeq=3545,2023-05-29,2023-08-15
공모전,2023년 AI 허브 개방 데이터 아이디어 경진대회,http://www.aihub-ideacontest.co.kr/,2023-08-02,2023-08-16
공모전,2023-2024 CFA Institute Research Challenge - 기업투자분석 발표대회,https://www.cfasocietykorea.org/notice/2023-2024-cfa-institute-research-challenge-%ED%95%9C%EA%B5%AD-%EB%8C%80%ED%9A%8C-%EC%95%88%EB%82%B4/,2023-07-13,2023-08-16
공모전,우리 동네 기온·바람 정보 맞춤서비스 아이디어 공모전,https://form.office.naver.com/form/responseView.cmd?formkey=MTBhY2FlNTEtZjcxOC00ODVhLWE1ZWEtZGU5MWU3N2U4OTgy&sourceId=urlshare,2023-07-17,2023-08-16
공모전,삼성화재 2023 마케팅 해커톤 : Deep Dive into Creativity!,https://form.office.naver.com/form/responseViewMobile.cmd?formkey=NTQ3MWRiZDMtNjZiNS00ZmY2LWIxZmQtYzVkZGMzNTIxODIy,2023-08-02,2023-08-17
공모전,KSPO 경륜DATA 분석 경진대회,http://www.kcycle.or.kr/contents/customPlaza/noticeView.do?seqId=20147,2023-08-04,2023-08-17
경진대회,Bengali.AI Speech Recognition,https://www.kaggle.com/competitions/bengaliai-speech,2023-07-17,2023-08-17
공모전,청년 메타버스 콘텐츠 개발 경진대회,https://www.gbtp.or.kr/user/boardDetail.do?bbsId=BBSMSTR_000000000021&nttNo=7541,2023-08-04,2023-08-18
공모전,2023년 통일 데이터 활용 아이디어 공모전,https://sotong.go.kr/front/epilogue/epilogueNewViewPage.do?bbs_id=634bdaa1aaf24a2f9b8eed2a59722002&pagetype=bbs&searchkey=A&searchtxt=&miv_pageNo=2&preDate=&endDate=,2023-07-24,2023-08-18
공모전,2023년 도전.작은연구,https://www.spectory.net/krilaidea/research/2023/1/info,2023-07-19,2023-08-18
공모전,2023 공공데이터 및 가명정보 활용 아이디어 공모전,https://www.kicox.or.kr/user/bbs/BD_insertBbsForm.do?q_bbsCode=1076,2023-07-24,2023-08-18
공모전,2023년 새만금 공공·빅데이터 활용 공모전,https://www.saemangeum.go.kr/sda/brd/view.do?nttSn=7559&key=2009075580577&pageIndex=1&sc=&sw=,2023-06-26,2023-08-18
공모전,2023 금융 앱 서비스 어플리케이션 - 아이디어 공모전,https://www.live-contest.com/idea/?idx=15383973&bmode=view,2023-06-09,2023-08-18
공모전,제 2회 미래 자동차산업 아이디어 공모전,http://www.kapkorea.org/gstcnt/retrieveGstNoticeView.do?selectedId=19526&comBbsMasterSeq=100701&searchCondition=ALL&searchKeyword=&pageIndex=1,2023-05-22,2023-08-18
공모전,Autonomous Agents Hackathon,https://lablab.ai/event/ai-agents-hackathon-3,2023-08-15,2023-08-19
공모전,제5회 Future Finance A.I. Challenge (금융 + 인공지능 공모전),http://www.kbdatory.com/,2023-07-11,2023-08-20
경진대회,Mosquito Alert Challenge,https://www.aicrowd.com/challenges/mosquitoalert-challenge-2023,2023-06-20,2023-08-20
공모전,XRPL Summer Hackathon | Ripple,https://dorahacks.io/ko/hackathon/xrpl-hackathon/workshop,2023-06-05,2023-08-21
경진대회,월간 데이콘 초전도체 임계온도 예측 AI 해커톤,https://dacon.io/competitions/official/236146/overview/description,2023-08-18,2023-08-21
경진대회,Predict CO2 Emissions in Rwanda,https://www.kaggle.com/competitions/playground-series-s3e20,2023-08-01,2023-08-21
경진대회,CAFA 5 Protein Function Prediction,https://www.kaggle.com/competitions/cafa-5-protein-function-prediction,2023-04-18,2023-08-21
공모전,2023년 K-water 대국민 물 빅데이터 공모전,https://www.water.or.kr/kor/board/index.do?mode=view&bid=BD_00017&menuId=17_189&wid=110185,2023-06-14,2023-08-22
공모전,구름톤 in JEJU 7기,https://9oormthon.goorm.io/,2023-08-10,2023-08-23
공모전,아드리엘 마케팅 대시보드 공모전 2023,https://contest.adriel.com/?utm_campaign=KR_marketing_contest_202308&utm_source=contest_community&utm_medium=external&utm_content=1st_230803,2023-08-01,2023-08-23
공모전,사이버보안챌린지2023,https://sec-challenge.kr/summary,2023-07-24,2023-08-23
공모전,2023년 소상공인 데이터 분석(활용) 아이디어 공모전,https://docs.google.com/forms/d/e/1FAIpQLSftxqOL_SaUkahn2SVQ4GfOXlqME3nm7LBMz67cmopvksWmIA/viewform,2023-08-08,2023-08-24
공모전,"생성 AI 원데이톤 : 게임 세계관 만들기 ""AI 니가 다해유”",https://event-us.kr/modu/event/67416,2023-08-08,2023-08-24
경진대회,RSNA 2023 Abdominal Trauma Detection,https://www.kaggle.com/competitions/rsna-2023-abdominal-trauma-detection,2023-07-26,2023-08-24
공모전,초거대 AI를 활용한 메타버스 서비스 기획 공모전,https://reppley.notion.site/AI-30d0d4326ba7464181ecb6dc017b69f7,2023-08-07,2023-08-25
경진대회,2023 디지털병리 데이터 활용 AI 해커톤,https://www.codipaichallenge.com/,2023-08-11,2023-08-27
공모전,2023 한약 실험정보 데이터를 활용한 인공지능 경진대회,https://nikomcontest.co.kr/,2023-07-24,2023-08-27
공모전,2023년 국립중앙과학관 GBIF 데어터 활용 해커톤 경진대회,https://www.science.go.kr/board/view?menuId=MENU00477&linkId=4702679,2023-07-18,2023-08-27
공모전,갤럭시아 WEB 3.0 서비스 아이디어 공모전,https://galaxiametaverse.com/,2023-07-17,2023-08-27
경진대회,데이콘 Basic 흡연 여부 예측 AI 경진대회,https://dacon.io/competitions/official/236147/overview/description,2023-08-14,2023-08-28
경진대회,2023 전력사용량 예측 AI 경진대회,https://dacon.io/competitions/official/236125/overview/description,2023-07-17,2023-08-28
경진대회,2023 제1회 철도 인공지능 경진대회,https://aifactory.space/competition/2511/discussion/504,2023-07-17,2023-08-28
공모전,AudioCraft 24-hours Hackathon,https://lablab.ai/event/audiocraft-24-hours-hackathon,2023-08-25,2023-08-31
공모전,제5회 서울교육 데이터 활용 아이디어 공모전,https://www.senbigdata.com/,2023-07-28,2023-08-31
경진대회,제2회 유통데이터 활용 경진대회,https://festa.kdlc.or.kr/circulation/support/64d053a2c573d320c1458582,2023-08-07,2023-08-31
공모전,2023년 천안시 데이터 기반 시각화 아이디어 공모전,http://www.kodata.co.kr/cr/CRNOT01R1.do,2023-07-11,2023-08-31
경진대회,2023 DATA·AI 분석 경진대회,https://dataon-con.kr/,2023-07-10,2023-08-31
공모전,제11회 국민연금 연구과제 대[對]국민 공모전,https://institute.nps.or.kr/jsppage/app/cms/view.jsp?seq=27612&cPage=2&cmsId=lab_news01&SK=&SW=,2023-04-03,2023-08-31
공모전,제7회 금융보안원 논문공모전,https://www.fsec.or.kr/bbs/detail?menuNo=66&bbsNo=11229,2023-04-03,2023-08-31
공모전,제9회 과학치안 아이디어 공모전,https://kipot.or.kr/user/ex2.do?pidx=11,2023-07-31,2023-09-01
공모전,데이터기반행정 활성화를 위한 2023년 데이터 분석·활용 공모전,https://sotong.go.kr/front/epilogue/epilogueBbsViewPage.do?bbs_id=597ac85d8e7b4352872d3edb1a681a0c&searchkey=A&searchtxt=&miv_pageNo=2,2023-07-17,2023-09-01
공모전,2023 위성정보활용 경진대회,https://www.sac2023-nsoac.com/,2023-07-01,2023-09-01
공모전,스마트 물류서비스 혁신 아이디어 공모전,https://xn--ob0bx8uuja23acvw85amojfkw.com/,2023-07-21,2023-09-01
공모전,프롬프터 데이 서울 2023,https://www.prompterday.com/main,2023-08-16,2023-09-03
공모전,AI Song Contest 2023,https://www.aisongcontest.com/,2023-07-30,2023-09-04
공모전,제주테크노파크 2023 디지털 사회혁신 해커톤 경진대회,https://www.jejudsi.kr/notice/notice.htm?act=view&seq=281,2023-08-24,2023-09-07
공모전,SeamlessM4T 24-hours Hackathon,https://lablab.ai/event/seamlessm4t-24-hours-hackathon,2023-09-08,2023-09-08
공모전,2023 여성가족부 청소년데이터 융복합 분석·활용 공모전,https://mogefdatacontest.co.kr/,2023-08-07,2023-09-08
공모전,2023 킨텍스 실무협업 아이톤(Idea-Thon) 대회,https://www.kintex.com/web/ko/customer/notice/view.do?seq=36128&pageIndex=1&pageUnit=10&searchKeyword=,2023-08-01,2023-09-08
공모전,2023 지하안전 공공데이터 활용 경진대회,https://www.all-con.co.kr/view/contest/500741?page=5&sortname=cl_order&sortorder=asc&t=1&ct=&sc=&tg=,2023-07-10,2023-09-08
공모전,Build Your AI StartUp. Episode 4,https://lablab.ai/event/ai-startup-hackathon-episode-4,2023-09-07,2023-09-09
공모전,2023 전국 대학생 SW 창업아이디어톤,https://histarter0829.wixsite.com/2023ericasw,2023-08-18,2023-09-10
공모전,Improve a Fixed Model the Data-Centric Way!,https://www.kaggle.com/competitions/playground-series-s3e21,2023-08-22,2023-09-11
공모전,2023 제11회 빅콘테스트,https://www.bigcontest.or.kr/,2023-07-31,2023-09-11
경진대회,2023 스마트농업 AI 경진대회,https://saaicontest.com/,2023-08-24,2023-09-13
공모전,(화성시) AI기법에 의한 인구예측모델 정확도 비교 분석,https://compas.lh.or.kr/subj/competition/info?subjNo=SBJ_2307_001,2023-07-14,2023-09-13
공모전,GBIC 2023 해커톤,https://gbichackathon.com/,2023-08-28,2023-09-15
경진대회,서울 버추얼 자율주행 챌린지,https://www.morai.ai/ko/svadc,2023-08-25,2023-09-15
경진대회,사이버보안 빅데이터 AI 챌린지,https://aibigdatasec.kr/detail,2023-08-21,2023-09-15
공모전,문화체육관광부 AI 기술을 활용한 문화콘텐츠 공모전,https://m.onoffmix.com/event/282510,2023-09-01,2023-09-15
공모전,2023 데이터 크리에이터 캠프,https://kbig.kr/portal/kbig/keybiz/creatorcamp.page,2023-08-16,2023-09-15
공모전,국민참여 청년 건강증진 아이디어 공모전,https://www.khepi.or.kr/board/view?pageNum=1&rowCnt=10&no1=52&linkId=1006565&menuId=MENU01319&schType=0&schText=&searchType=&boardStyle=&categoryId=&continent=&country=&contents1=,2023-08-08,2023-09-15
공모전,(김해시) 공공 와이파이존 재배치 및 신규 입지 분석,https://compas.lh.or.kr/subj/competition/info?subjNo=SBJ_2307_003,2023-07-31,2023-09-15
공모전,(제주도) 소규모 단위의 정밀 도시 쇠퇴도 시각화 분석,https://compas.lh.or.kr/subj/competition/info?subjNo=SBJ_2307_002,2023-07-31,2023-09-15
경진대회,제2회 통신망 안정성 확보를 위한 인공지능 해커톤,https://aifactory.space/competition/2513/discussion/508,2023-07-19,2023-09-15
공모전,2023 ICT 표준 챌린지 공모전,https://tta.or.kr/tta/selectBbsNttView.do?key=74&bbsNo=105&nttNo=12758&searchCtgry=&searchCnd=all&searchKrwd=&integrDeptCode=&pageIndex=1,2023-06-12,2023-09-15
공모전,금융보안 위협분석 대회 FIESTA 2023,https://fiesta.fsec.or.kr/,2023-08-23,2023-09-16
경진대회,2023 Alphathon,https://linktr.ee/worldquantkorea,2023-09-09,2023-09-17
공모전,넥슨-GSOK 논문 공모전,https://blog.naver.com/nexon-gsok_contest/223116248433,2023-05-31,2023-09-17
공모전,보험산업 발전을 위한 제7회 대학생 아이디어 공모전,http://pf.kakao.com/_GISFs/100463239,2023-09-13,2023-09-17
경진대회,The CityLearn Challenge 2023,https://www.aicrowd.com/challenges/neurips-2023-citylearn-challenge,2023-08-21,2023-09-18
공모전,LLM Hackathon,https://streamlit.io/community/llm-hackathon-2023?utm_campaign=2023-Q3+LLM+Hackathon&utm_medium=social&utm_source=youtube&utm_content=dataprofessor,2023-09-05,2023-09-19
경진대회,Wyze Rule Recommendation Challenge,https://huggingface.co/spaces/competitions/wyze-rule-recommendation,2023-08-15,2023-09-21
경진대회,Samsung Computer Engineering Challenge 2023,https://cechallenge.github.io/challenge/,2023-08-21,2023-09-22
공모전,도전.한국 2023 대국민 아이디어 공모전,https://sotong.go.kr/front/methodPssrp/methodPssrpBbsViewPage.do?bbs_id=7029ff4a03c74facbbdc27fffcff7469&menu_id=533,2023-07-19,2023-09-22
공모전,한국전력공사 2023 구미산단 에너지자급자족 데이터톤,https://sotong.go.kr/front/epilogue/epilogueNewViewPage.do?bbs_id=21eb5f118fb145a0a8f19b88876c233a&pagetype=bbs&searchkey=A&searchtxt=&miv_pageNo=1&preDate=&endDate=,2023-08-21,2023-09-22
공모전,해양금융·해운정보 혁신 국민아이디어 경진대회,https://www.kobc.or.kr/ebz/kor/bbs/view.do?mId=0505010000&bIdx=95631&ptIdx=241,2023-07-19,2023-09-22
경진대회,2023 한국어 AI 경진대회,https://competition.aihub.or.kr/2023,2023-08-27,2023-09-23
공모전,2023 스마트 HACCP 데이터 활용 경진대회,https://www.haccp.or.kr/user/boardDetail.do,2023-07-24,2023-09-24
공모전,AI활용 온라인 개발대회 <싱커톤 시즌3>,https://www.synctree101.com/syncathon/main,2023-09-08,2023-09-24
공모전,제6회 팩트체킹 공모전,http://reportplus.kr/factcheck_contest/,2023-04-26,2023-09-24
경진대회,분당서울대학교병원_COVID-19_데이터톤,https://snubh-hackathon.com/,2023-09-18,2023-09-25
경진대회,월간 데이콘 쇼츠 - 뉴스 기사 레이블 복구 해커톤,https://dacon.io/competitions/official/236159/overview/description,2023-09-22,2023-09-25
공모전,2023년 AI 허브 개방데이터 아이디어 경진대회(2차),http://www.aihub-ideacontest.co.kr/,2023-09-07,2023-09-25
공모전,AI편곡 리메이크 공모전 ‘I am Re:Born’,http://mw.genie.co.kr/magazine/magazineView?ctid=1&mgz_seq=13500,2023-09-01,2023-09-25
경진대회,제1회 신약개발 AI 경진대회,https://dacon.io/competitions/official/236127/overview/description,2023-08-07,2023-09-25
공모전,2023년 한국자산관리공사 해운시황 분석 경진대회,https://www.kamco.or.kr/portal/bbs/view.do?mId=0701010000&bIdx=12546&ptIdx=380,2023-07-03,2023-09-25
공모전,2023년 환경 데이터 분석(활용) 아이디어 공모전,https://docs.google.com/forms/d/e/1FAIpQLSeXMcgPriZzoHvB44COXRl_p0jRA4SNuJ-knRW1WLxjTcgONw/viewform,2023-09-01,2023-09-26
공모전,2023년 밀양시 공공데이터 활용 아이디어·분석 공모전,https://www.miryang.go.kr/web/bbs/selectNoticeDetail.do?mnNo=20901000000&owd=&bbsId=BBSMSTR_000000000021&nttId=145512&searchCnd=&searchWrd=&pageIndex=1,2023-07-31,2023-09-27
공모전,TED AI For Good Hackathon,https://www.ai-event.ted.com/hackathon,2023-08-18,2023-09-29
공모전,"AI Challenge with GPT-3.5, Codex, DALL-E, and Whisper API",https://lablab.ai/event/ai-challenge-with-gpt-3-5-codex-dall-e-and-whisper-api,2023-09-11,2023-09-30
공모전,인천공항 스마트 인프라관리 대국민 아이디어 공모전,https://www.airport.kr/co/ko/cmm/cmmBbsView.do?FNCT_CODE=19&NTT_ID=26551,2023-09-01,2023-09-30
공모전,제23회 디지털산림 활용 및 아이디어 공모,https://www.forest.go.kr/kfsweb/cop/bbs/selectBoardArticle.do?nttId=3186551&bbsId=BBSMSTR_1031&pageIndex=1&pageUnit=10&searchtitle=title&orgId=&mn=NKFS_04_01_01&component=,2023-08-07,2023-09-30
공모전,제4회 세종특별자치시 빅데이터 분석 아이디어 공모전,https://www2.sejong.go.kr/bigdata/contest/contestRcritDetailView.do,2023-08-09,2023-09-30
공모전,2023 DMC 빅데이터 아이디어 오디션,http://dbi2023.org/biznrecruitment/bizintro.do,2023-08-07,2023-09-30
공모전,2023 창원 빅데이터 공모전,https://www.changwon.go.kr/sotong/contest/list.do?mId=0104000000,2023-07-01,2023-09-30
공모전,제5회 주소기반 생활·행정 혁신 및 산업모델 아이디어 공모전,https://www.lx.or.kr/kor/contest/33/view.do,2023-06-21,2023-09-30
공모전,2023 공공데이터 논문공모전,https://nia.or.kr/site/nia_kor/ex/bbs/View.do?cbIdx=99835&bcIdx=25871&parentSeq=25871,2023-08-17,2023-10-01
공모전,2023 바이오 데이터 활용 경진대회,https://www.msit.go.kr/bbs/view.do?sCode=user&mId=129&mPid=224&bbsSeqNo=100&nttSeqNo=3178349,2023-04-25,2023-10-01
경진대회,Predict Health Outcomes of Horses,https://www.kaggle.com/competitions/playground-series-s3e22,2023-09-12,2023-10-02
공모전,2023 서울 지능형 사물인터넷(AIoT) 해커톤 대회,http://seoulhackathon.kr/,2023-08-25,2023-10-02
공모전,2023 융합연구 활성화 아이디어 공모전,http://acer.or.kr/bbs/board.php?bo_table=m03_02_02&wr_id=19&sca=%ED%98%84%EC%9E%AC,2023-08-22,2023-10-02
공모전,디지털 헬스케어 <MEDICAL HACK 2023>,https://cmit.pnuh.or.kr/TCF/cb/board/view.do?id=18&menuIdx=48&idx=1,2023-08-18,2023-10-02
경진대회,2023 Samsung AI Challenge : Camera-Invariant Domain Adaptation,https://dacon.io/competitions/official/236132/overview/description,2023-08-21,2023-10-02
경진대회,2023 Samsung AI Challenge : Machine Learning Force Fields,https://dacon.io/competitions/official/236133/overview/description,2023-08-21,2023-10-02
경진대회,2023 Samsung AI Challenge : Image Quality Assessment,https://dacon.io/competitions/official/236134/overview/description,2023-08-21,2023-10-02
경진대회,Research Rovers: AI Research Assistants for NASA,https://www.drivendata.org/competitions/252/ai-research-assistants/?utm_source=brevo&utm_campaign=April2023-newsletter&utm_medium=email,2023-08-07,2023-10-02
공모전,2023년 제2회 SW개발 공모전 'ICT콤플렉스 피우다프로젝트’,https://www.ictcoc.kr/04_com_n/com02_view.asp?idx=828&page=1&params=,2023-09-04,2023-10-03
공모전,제3회 해양과학 빅데이터 경진대회,https://haebomdata.notion.site/3-dc6985152f8d4cb88db2d841f726a218,2023-09-01,2023-10-03
공모전,서울시 AI 인공지능 아이디어 챌린지,https://news.seoul.go.kr/gov/archives/552260,2023-08-21,2023-10-03
공모전,"제4회 관광통계 인포그래픽 공모전 : 한 눈에 보는 관광통계, Past & Present",https://know.tour.go.kr/customer/contestevent/detail19Re.do?seq=27262,2023-09-04,2023-10-04
공모전,제6회 가명익명처리 기술 경진대회,https://pidicon.kr/,2023-08-09,2023-10-04
공모전,KICOX 대국민 혁신 아이디어 공모전,https://www.kicox.or.kr/user/bbs/BD_selectBbs.do?q_bbsCode=1016&q_bbscttSn=20230911085844498&q_order=&q_clCode=,2023-09-11,2023-10-05
공모전,서울 도시제조업의 문제 해결을 위한 인공지능(AI) 아이디어 경진대회,https://www.aiidea2023.co.kr/,2023-09-05,2023-10-05
공모전,2023 서울특별시 디지털 공간정보 활용 공모전,https://mediahub.seoul.go.kr/gongmo/2000428,2023-10-02,2023-10-06
공모전,데이터안심구역 활용 공동 경진대회,https://dszcontest2023.kr/,2023-09-01,2023-10-06
공모전,2023년 과학기술인 협동조합 공모전 (비즈니스 아이디어/우수모델),https://www.setcoop.net/information/information01_view.jsp?sc_board_seq=601&pk_seq=36543,2023-08-07,2023-10-06
공모전,공간정보 활용 아이디어 경진대회,https://www.vworld.kr/v4po_main.do,2023-09-20,2023-10-06
공모전,"제3회 EcoBank 기능 및 생물, 생태 빅데이터 활용 경진대회",https://contest.spectory.net/nie/ecobank/2023/1,2023-08-21,2023-10-06
공모전,2023년 금산군 데이터기반행정 아이디어 공모전,https://www.geumsan.go.kr/kr/html/sub03/030302.html?mode=V&site_dvs_cd=kr&mng_no=5310fd364aaa45e2b113bec4e2912490,2023-09-01,2023-10-08
공모전,2023 XR디바이스 콘텐츠 메이커톤&아이디어톤,http://idea.xrdclab.kr/,2023-08-14,2023-10-09
경진대회,국방 AI 경진대회,https://maicon.kr/,2023-09-19,2023-10-12
공모전,AutoGPT Arena Hacks,https://lablab.ai/event/autogpt-arena-hacks,2023-09-06,2023-10-12
공모전,제13기 시민연구원 공모,https://www.uri.re.kr/community/citizen_list.php,2023-06-26,2023-10-12
공모전,2023년 AI+SECURITY 아이디어 공모전,https://www.kisa.or.kr/401/form?postSeq=3183#fnPostAttachDownload,2023-09-01,2023-10-13
공모전,(완주군) 버스 이용자 데이터를 활용한 최적 버스 노선 제시,https://compas.lh.or.kr/subj/competition/info?subjNo=SBJ_2308_003,2023-08-31,2023-10-13
공모전,(안산시) 도시 열섬화 정도 및 신규 식생 대상지역 분석,https://compas.lh.or.kr/subj/competition/info?subjNo=SBJ_2308_002,2023-08-31,2023-10-13
공모전,"제2회 대한민국 디지털 인재양성 프로젝트 <IT’s DGB, IM Challenger>",https://dgb-challenger.co.kr/,2023-08-07,2023-10-13
공모전,2023 산업통상자원부 ISTANS 논문경진대회,http://www.istans.or.kr/mobile/whNoticeView.do?seqno=226,2023-07-07,2023-10-13
공모전,FlowGPT Hackathon,https://flowgpt.com/blog/HackathonGuide,2023-09-15,2023-10-14
공모전,AI Game Jam,https://lablab.ai/event/ai-game-jam,2023-09-23,2023-10-14
공모전,2023년 제3회 소방안전 빅데이터 플랫폼 활용 및 아이디어 경진대회,https://bigdata-119.kr/bbs/view?bbsctt_id=489,2023-09-11,2023-10-16
경진대회,2023 NH 투자증권 빅데이터 경진대회,https://dacon.io/competitions/official/236145/overview/description,2023-09-04,2023-10-16
경진대회,2023년 용인시 SW/AI 해커톤,https://dacon.io/competitions/official/236161/overview/description,2023-09-22,2023-10-18
공모전,2023 오픈데이터포럼 해커톤,https://www.onoffmix.com/event/284280,2023-09-15,2023-10-19
공모전,2023 경남 제조AI 해커톤대회,http://www.m-aitech2023.co.kr/,2023-10-11,2023-10-20
공모전,2023 콘텐츠유니버스 코리아 '뤼튼 프롬프톤’,https://contentsuniverse.com/wrtnprompthon,2023-09-27,2023-10-20
공모전,2023 콘텐츠유니버스 코리아 '콘텐츠 테크 해커톤’,https://contentsuniverse.com/Hackathon,2023-09-22,2023-10-20
공모전,제11회 Creative Space G A.I & IoT 메이커톤,https://docs.google.com/forms/d/1s6t1XWFAnm3fUcwjx25xgNoU26ej3DZBAdNfQO5C1jk/viewform?pli=1&pli=1&edit_requested=true,2023-10-09,2023-10-20
공모전,2023년 국립국어원 인공 지능 언어 능력 평가,https://corpus.korean.go.kr/taskOrdtm/useTaskOrdtmList.do,2023-08-21,2023-10-20
경진대회,Mistral 7B 24-Hours Hackathon,https://lablab.ai/event/mistral-7b-24-hours-hackathon,2023-10-20,2023-10-21
경진대회,Binary Classification with a Software Defects Dataset,https://www.kaggle.com/competitions/playground-series-s3e23,2023-10-03,2023-10-23
공모전,2023년 AI 양재 허브 아이디어톤 대회,https://ai-yangjae.kr/board/board_basic/board_detail.asp?scrID=0000000170&pageNum=4&subNum=1&ssubNum=1&page=1&bd_num=00000001702023000033&act=view&s_string=,2023-09-27,2023-10-25
공모전,퓨리오사 AI 해커톤,https://furiosa-aihackathon.imweb.me/,2023-10-04,2023-10-25
공모전,LegalTech AI Hackathon,https://lablab.ai/event/legaltech-ai-hackathon,2023-10-25,2023-10-26
공모전,2023 인공지능콘텐츠융합창작랩 AI 융합 콘텐츠 공모전,https://www.gicon.or.kr/board.es?mid=a10201000000&bid=0001&act=view&list_no=29919,2023-10-12,2023-10-27
공모전,Falcon LLMs Hackathon sponsored by GAIA,https://lablab.ai/event/falcon-llms-hackathon-with-gaia,2023-10-27,2023-10-27
공모전,제3회 민원 데이터 분석 경진 대회,https://dgau.ac.kr/ext_etc/906,2023-09-25,2023-10-27
공모전,WCRC 2023 Data Contest 데이터 경진대회,https://zero-base-ds-promotion-datacontest.oopy.io/?utm_source=allcon&utm_medium=affiliate_banner&utm_campaign=231004_231004_DS_Contest_allcon,2023-09-27,2023-10-30
공모전,2023년 추계학술대회 - 대학생 ERP 아이디어 공모전,https://www.ksystem.co.kr/notice/?mod=document&pageid=1&uid=408&execute_uid=408,2023-10-11,2023-10-30
경진대회,2023년 우주전파재난 예측 AI 경진대회,https://spaceweather.rra.go.kr/aicontest/contest.do,2023-09-25,2023-10-30
공모전,2023년 NABIS 균형발전 빅데이터 분석 공모전,https://www.nabis.go.kr/noticeDetailView.do?menucd=195&gbnCode=S22&refCode=S221&noticeNo=764&appfileNo=16583,2023-09-08,2023-10-30
경진대회,HD현대 AI Challenge,https://dacon.io/competitions/official/236158/overview/description,2023-09-25,2023-10-30
공모전,2023 ABB 해커톤,https://abb-hackathon.kr/,2023-10-16,2023-10-31
공모전,임팩트캠퍼스 IT서비스 공모전,https://www.2023impactcontest-ic.com/,2023-09-25,2023-10-31
공모전,"AI를 활용한, 지역상권 활성화 아이디어 공모전",https://home.sjcu.ac.kr/ko/support/notice-all.do?mode=view&articleNo=121369,2023-09-01,2023-10-31
공모전,2023년 TIPA 대국민 혁신아이디어 공모전,https://www.tipa.or.kr/s040101/view/id/14949,2023-10-04,2023-10-31
경진대회,2023 ALGO 트레이딩 챌린지,https://algochallenge.org/kr2023/#register/,2023-09-20,2023-10-31
공모전,챗봇 ‘서울톡’ - 답변정확도 향상 공모전,https://news.seoul.go.kr/gov/archives/552968,2023-09-25,2023-10-31
경진대회,Melting Pot Contest at NeurIPS 2023,https://www.aicrowd.com/challenges/meltingpot-challenge-2023,2023-08-31,2023-10-31
공모전,2023년 학교안전사고 데이터 분석·활용 경진대회,https://www.xn--289axkt9l0mao04fs9c7wrl7hfxc.com/,2023-08-21,2023-10-31
공모전,제6회 D-TECH 장애인과 우리 모두를 위한 꿈,https://www.d-techcampaign.com/,2023-08-14,2023-10-31
공모전,제3회 농업관측 논문경진대회,https://aglook.krei.re.kr/main/uParticipationInfo,2023-04-03,2023-10-31
경진대회,2023 dob world 딥러닝 챌린지,http://competition.dob.world/?fbclid=IwAR36dEzYZoOUVR_zeJssZR6j_t3xvgbmROP1STwIIP8GJ9yqVnDZRhb04U8,2023-09-18,2023-11-01
공모전,2023 서울특별시 빅데이터캠퍼스 공모전,https://mediahub.seoul.go.kr/gongmo/2000421,2023-09-11,2023-11-03
공모전,2023 뉴스빅데이터 해커톤,https://newsbigdata.org/?utm_source=all-con&utm_medium=contest&utm_campaign=newsbigdatahk,2023-10-23,2023-11-06
경진대회,LLM Prompting with MakerSuite,https://www.kaggle.com/competitions/llm-prompting-with-makersuite,2023-10-11,2023-11-06
경진대회,AI Village Capture the Flag @ DEFCON31,https://www.kaggle.com/competitions/ai-village-capture-the-flag-defcon31,2023-10-09,2023-11-09
공모전,(LH) 청주시 원도심 활성화 전략 수립을 위한 빅데이터 시각화,https://compas.lh.or.kr/subj/competition/info?subjNo=SBJ_2309_001,2023-09-22,2023-11-09
공모전,🤗 Hugging Face KREW Hackathon 2023,https://pseudo-lab.github.io/huggingface-hackathon23/ko/,2023-10-20,2023-11-10
공모전,2023 ETRI 오픈 API 활용사례 공모전,https://aiopen.etri.re.kr/viewNotice?id=114,2023-10-05,2023-11-10
공모전,국립중앙도서관 데이터 활용 콘텐츠 제작 공모전,https://www.nl.go.kr/NL/contents/N50601000000.do?schM=view&page=2&viewCount=10&id=46064&schBdcode=&schGroupCode=#MMAP_N50601000000,2023-08-01,2023-11-10
경진대회,2023 POSTECH 제 5회 태양광 발전량 예측 경진대회,https://o.solarkim.com/cmpt2023/,2023-10-05,2023-11-11
공모전,클라우드 기반 AI 아이디어 공모전,https://boottent.sayun.studio/challenges/bipa-aiideacontest,2023-10-18,2023-11-12
공모전,2023 티머니 복지재단 아이디어 공모전,http://www.tmwfideas.com/mobile/,2023-10-10,2023-11-12
공모전,2023 클라우드 기반 AI 아이디어 공모전,http://www.busanit.or.kr/board/view.asp?bidx=15142&bcode=notice&ipage=1&sword&search_txt&fbclid=IwAR1QMEDajh0x8f9WAdEoYSe104Csj49FeJ4Jpyp4Vpg384fqHtEEZSlCh1k,2023-09-18,2023-11-12
공모전,감염병 대응 빅데이터 활용 아이디어 공모전,https://docs.google.com/forms/d/e/1FAIpQLSfStFbvPVrZAEPGWXbID2bTmxdsScwXwl6nsI0iV1GnY04-Fw/viewform,2023-10-16,2023-11-12
경진대회,Binary Prediction of Smoker Status using Bio-Signals,https://www.kaggle.com/competitions/playground-series-s3e24,2023-10-24,2023-11-13
경진대회,제1회 국민대학교 AI빅데이터 분석 경진대회,https://dacon.io/competitions/official/236170/overview/description,2023-10-16,2023-11-13
경진대회,[2023 제3회 K-water AI 경진대회] 어종(魚種) 식별 및 분류 알고리즘 개발,https://aifactory.space/task/2600/overview,2023-10-30,2023-11-13
공모전,유데미x웅진씽크빅x스팩 교육관련 앱/웹 서비스 제작 주니어 해커톤,https://sniperfactory.com/course/j5duwrtxkol7hb2,2023-11-01,2023-11-14
공모전,구름톤 in JEJU 8기,https://9oormthon.goorm.io/?utm_source=community&utm_medium=social_affiliate&utm_content=8th,2023-11-02,2023-11-15
공모전,2023 G밸리 업무혁신 AI 프롬프톤 & 스마트워크톤,https://smartwork.or.kr/,2023-10-18,2023-11-16
공모전,Cohere Coral Hackathon,https://lablab.ai/event/cohere-coral-hackathon,2023-10-20,2023-11-16
경진대회,Lux AI Season 2 - NeurIPS Stage 2,https://www.kaggle.com/competitions/lux-ai-season-2-neurips-stage-2,2023-09-20,2023-11-17
경진대회,Google - Fast or Slow? Predict AI Model Runtime,https://www.kaggle.com/competitions/predict-ai-model-runtime?utm_medium=email&utm_source=gamma&utm_campaign=comp-tpugraphs-2023,2023-08-29,2023-11-17
공모전,TruLens & Google Vertex AI 48-Hour Hackathon,https://lablab.ai/event/trulens-hackathon,2023-11-17,2023-11-19
경진대회,2023 AI 허브 데이터 인공지능 해커톤,https://www.ai-hackathon.kr/,2023-11-01,2023-11-19
공모전,초거대AI 활용 서비스 아이디어 공모전,https://www.aihub.or.kr/aihubnews/notice/view.do?currMenu=131&topMenu=103&nttSn=10238,2023-10-10,2023-11-19
경진대회,제주 특산물 가격 예측 AI 경진대회,https://dacon.io/competitions/official/236176/overview/description,2023-10-26,2023-11-20
공모전,아프리카TV 공모전 : 모두 함께 만드는 확장 프로그램 챌린지,https://extchallenge.afreecatv.com/,2023-10-26,2023-11-20
공모전,"Multimodal Hackathon: GPT-4V(ision), LLaVA, Fuyu-8B",https://lablab.ai/event/multimodal-hackathon,2023-11-07,2023-11-20
공모전,제6회 서울특별시 드론활용 아이디어 경진대회,https://mediahub.seoul.go.kr/gongmo/2000453,2023-11-01,2023-11-20
공모전,제 1회 K-디지털플랫폼 AI 경진대회 with HRDK & MS,https://k-hp.co.kr/,2023-11-03,2023-11-24
공모전,생성형 AI 활용 컨테스트 ‘동해품은 바다동해’ 캐릭터 디자인 공모전,https://www.twosun.ai/board/read.jsp?id=1833335&code=pds,2023-10-25,2023-11-24
공모전,생성형AI 활용 컨테스트 '독도 소주' 포스터 디자인 공모전,https://www.twosun.ai/board/read.jsp?id=1833381&code=pds,2023-10-25,2023-11-24
공모전,엘리스 코드 챌린지 <AI 플랫폼 백엔드 개발 콘테스트>,https://code-challenge.elice.io/tracks/4152/promotion?utm_campaign=cc&utm_medium=poster&utm_source=community&utm_term=%EC%98%AC%EC%BD%98,2023-10-26,2023-11-24
공모전,2023 로봇 활용 아이디어 경진대회,https://www.ipmarket.or.kr/idearo/service/idc/chlg/idcDetail.do,2023-10-24,2023-11-24
공모전,2023년 국민체육진흥공단 공공데이터 활용 경진대회,https://kspo.or.kr/kspo/bbs/B0000099/view.do?nttId=61699&menuNo=200435&pageIndex=1,2023-10-28,2023-11-26
경진대회,NeurIPS 2023 - Machine Unlearning,https://www.kaggle.com/competitions/neurips-2023-machine-unlearning,2023-09-11,2023-11-27
공모전,공간융합 빅데이터 활용 아이디어 기획 및 데이터 분석·시각화 공모전,https://docs.google.com/forms/d/e/1FAIpQLSc7_gLOG2h_KrMNFn3GSgEjUH6cE7iJtH3C9UVLxctAm7_Wrg/viewform,2023-11-04,2023-11-28
공모전,제4회 ICT융‧복합 기반 치의학산업 사업화 전국 아이디어 경진대회,https://www.btp.or.kr/kor/CMS/Board/Board.do?mCode=MN013&mode=view&board_seq=9577073,2023-10-16,2023-11-30
경진대회,휴대용 피부진단 데이터를 활용한 피부정밀진단 예측 AI 경진대회,https://skinqurator.or.kr/challenge,2023-11-13,2023-11-30
공모전,국회 공공데이터 활용 경진대회,https://www.assembly00data.com/,2023-11-10,2023-11-30
공모전,부동산 데이터 활용 아이디어 공모전,http://proptech.or.kr/news/notice/210,2023-10-10,2023-11-30
경진대회,Open Problems – Single-Cell Perturbations,https://www.kaggle.com/competitions/open-problems-single-cell-perturbations,2023-09-12,2023-11-30
공모전,2023 전국민 아이디어 경진대회,https://www.ipmarket.or.kr/idearo/service/cmn/nct/CmnNoticeDetail.do?nctId=NOT_00000000000000002250&pageIndex=1&crntMnuId=CUST_1&pageNm=Customer,2023-03-02,2023-11-30
경진대회,2023 바이오헬스 데이터 경진대회,https://aiconnect.kr/competition/detail/233,2023-10-27,2023-12-01
경진대회,Commonsense Persona-grounded Dialogue (CPD) Challenge,https://www.aicrowd.com/challenges/commonsense-persona-grounded-dialogue-challenge-2023,2023-11-03,2023-12-01
공모전,제3회 소외계층을 위한 AI활용 아이디어 공모전,http://www.ai-idea.co.kr/mobile/,2023-11-01,2023-12-01
공모전,Custom GPTs 48-hours Hackathon,https://lablab.ai/event/custom-gpts-48-hours-hackathon,2023-11-24,2023-12-02
공모전,TruEra Challenge: Build LLM Applications with Google Vertex AI,https://lablab.ai/event/truera-challenge-build-llm-applications,2023-12-02,2023-12-02
공모전,2024 KOTRA 혁신 아이디어 공모전,https://www.all-con.co.kr/view/contest/507051,2023-11-20,2023-12-03
공모전,인공지능윤리 아이디어 경진대회,https://aiesg.all-con.co.kr/?_gl=1*1t0u28x*_ga*ODI2NjI3ODMxLjE2Nzc0ODk0Nzk.*_ga_8D9RGCN8FK*MTY5OTg2NzcyNy4yNDMuMS4xNjk5ODY3NzQzLjQ0LjAuMA..,2023-11-03,2023-12-03
공모전,포텐데이 X 클로바 스튜디오 해커톤,https://bside.best/potenday,2023-11-13,2023-12-03
경진대회,Regression with a Mohs Hardness Dataset,https://www.kaggle.com/competitions/playground-series-s3e25,2023-11-14,2023-12-04
경진대회,Child Mind Institute - Detect Sleep States,https://www.kaggle.com/competitions/child-mind-institute-detect-sleep-states,2023-09-05,2023-12-05
경진대회,Stanford Ribonanza RNA Folding,https://www.kaggle.com/competitions/stanford-ribonanza-rna-folding,2023-09-07,2023-12-07
공모전,2023 RASARA 3D가상 창작디자인 공모전,http://www.rasara61.com/2023-rasara-3d%ea%b0%80%ec%83%81-%ec%b0%bd%ec%9e%91%eb%94%94%ec%9e%90%ec%9d%b8-%ea%b3%b5%eb%aa%a8%ec%a0%84-with-z-emotion-ca-planet/,2023-10-11,2023-12-08
공모전,Yi 200k context window LLMs Hackathon,https://lablab.ai/event/yi-llms-24-hours-hackathon,2023-12-01,2023-12-09
공모전,2023 AI 허브 안심존 데이터 활용 경진대회(3차) - 아이디어 공모전,https://docs.google.com/forms/d/e/1FAIpQLSfh9c81gyW1GfEpzq_jLvW1ivElz1JxJkSegy67__cpQk2eKA/viewform,2023-11-28,2023-12-10
공모전,2023 코리아 푸드테크 아이디어 공모전,https://gafi.or.kr/web/board/boardContentsView.do?miv_pageNo=&miv_pageSize=&total_cnt=&LISTOP=&mode=W&cate_id=&menu_id=c3bb3523bb654e779e612ec8d4441ecf&contents_id=4684bf7e1878438e83dff8bd9ce3b359&board_id=45&searchkey=T&searchtxt=%ED%85%8C%ED%81%AC,2023-11-07,2023-12-10
경진대회,[해커톤] 학습 플랫폼 이용자 구독 갱신 예측,https://dacon.io/competitions/official/236179/overview/description,2023-11-22,2023-12-11
공모전,월간 데이콘 - DACON 데이터 분석 아이디어 경진대회,https://dacon.io/competitions/official/236198/overview/description,2023-11-22,2023-12-11
경진대회,대구 교통사고 피해 예측 AI 경진대회,https://dacon.io/competitions/official/236193/overview/description,2023-11-15,2023-12-11
공모전,[NAVER Z] ZEPETO World Jam,https://zepetoworldjam.com/?utm_source=zepeto&utm_medium=hqoutreach&utm_campaign=landing,2023-10-30,2023-12-11
경진대회,구강이미지 합성 데이터 헬스케어 AI경진대회,http://healthcare.gcontest.co.kr/template/m/14622,2023-11-30,2023-12-12
공모전,"K-PaaS 활용 디지털 사회혁신 서비스 개발, 아이디어 공모전",https://devcontest-digitalsolveup.kr/,2023-08-24,2023-12-13
공모전,화웨이 ICT 경진대회 2023-2024,https://m.blog.naver.com/PostView.naver?blogId=huaweikr&logNo=223250572155&proxyReferer=https%3A%2F%2Fwww.all-con.co.kr%2F,2023-11-06,2023-12-14
공모전,토스 버그 바운티 챌린지,https://bugbounty.toss.im/,2023-07-13,2023-12-15
경진대회,Synthetic AKI data Challenge 2023,https://maic.or.kr/competitions/27/infomation,2023-11-10,2023-12-16
공모전,맵픽 활용 우수사례 공모전,https://mappick.co.kr/#/community?detailPageType=detail&selectedNttId=NT0000000007,2023-11-08,2023-12-20
경진대회,Optiver - Trading at the Close,https://www.kaggle.com/competitions/optiver-trading-at-the-close,2023-09-20,2023-12-20
공모전,NextGen GPT AI Hackathon,https://lablab.ai/event/nextgen-gpt-ai-hackathon,2023-12-16,2023-12-22
경진대회,Neural MMO Challenge,https://www.aicrowd.com/challenges/neurips-2023-the-neural-mmo-challenge,2023-11-01,2023-12-30
공모전,제2회 기아 PBV 목적 기반 모빌리티 아이디어 공모전,https://kiapbvidea.com/,2023-11-16,2023-12-31
경진대회,UBC Ovarian Cancer Subtype Classification and Outlier Detection (UBC-OCEAN),https://www.kaggle.com/competitions/UBC-OCEAN,2023-10-06,2024-01-03
경진대회,NFL Big Data Bowl 2024,https://www.kaggle.com/competitions/nfl-big-data-bowl-2024,2023-10-13,2024-01-08
경진대회,Linking Writing Processes to Writing Quality,https://www.kaggle.com/competitions/linking-writing-processes-to-writing-quality,2023-10-02,2024-01-09
공모전,Mixtral 8x7B: 24 Hours Challenge,https://lablab.ai/event/mixtral-8x7b-24-hours-challenge,2024-01-12,2024-01-12
공모전,[삼정KPMG] 아이디어톤,https://kpmgkr.notion.site/2024-KPMG-1fcd8a808f3d4f36a5ae8ad6e9bc413e,2024-01-02,2024-01-18
공모전,2024 Prometheus AI Hackathon,https://prometheus-ai.net/hackathon,2023-12-18,2024-01-21
경진대회,LLM - Detect AI Generated Text,https://www.kaggle.com/competitions/llm-detect-ai-generated-text,2023-10-31,2024-01-22
공모전,Build & launch your GPTs: 24-hours Hackathon,https://lablab.ai/event/create-your-custom-gpts,2024-01-23,2024-01-24
공모전,Phi-2 Technology: 24 Hours Challenge,https://lablab.ai/event/phi-2-technology-24-hours-challenge,2024-01-26,2024-01-27
공모전,SPARCS Service Hackathon 2024,https://event.sparcs.org/ssh24,2024-01-19,2024-01-28
공모전,빅데이터 활용 미래 사회문제 해결 아이디어 해커톤,https://edu.ggumeasy.com/?pn=product.view&cuid=&pcode=H7843-R5115-J7144,2023-11-20,2024-01-28
경진대회,제3회 국제대학생 EV 자율주행 경진대회,https://www.ievexpo.org/site/ieve2018/kor/contents/index.php?mid=0103&job=detail&ebcf_id=IEVE2018_NOTICE&eb_seq=241,2023-12-04,2024-01-31
공모전,"2023 호남, 제주권 우수기업분석대회",https://wellbicompany3.wixsite.com/recruitment,2024-01-22,2024-01-31
공모전,2024 시스코 이노베이션 챌린지 아이디어톤,https://www.cisco.com/c/m/ko_kr/innovation-challenge.html,2023-11-16,2024-01-31
경진대회,Santa 2023 - The Polytope Permutation Puzzle,https://www.kaggle.com/competitions/santa-2023/overview,2023-12-18,2024-01-31
공모전,Binary Classification with a Bank Churn Dataset,https://www.kaggle.com/competitions/playground-series-s4e1,2024-01-02,2024-01-31
경진대회,Enefit - Predict Energy Behavior of Prosumers,https://www.kaggle.com/competitions/predict-energy-behavior-of-prosumers,2023-11-01,2024-01-31
공모전,Phi-2 Technology: 24 Hours Challenge,https://lablab.ai/event/phi-2-technology-24-hours-challenge,2024-02-02,2024-02-03
공모전,인천공항 교통체계 개선 아이디어 대국민 공모전,https://www.airport.kr/co/ko/cmm/cmmBbsView.do?PAGEINDEX=1&SEARCH_STR=&FNCT_CODE=19&SEARCH_TYPE=&NTT_ID=26531,2023-08-11,2024-02-04
경진대회,고객 대출등급 분류 해커톤,https://dacon.io/competitions/official/236214/overview/description,2024-01-15,2024-02-05
경진대회,대학 대항전 : 퍼즐 이미지 AI 경진대회,https://dacon.io/competitions/official/236207/overview/description,2024-01-02,2024-02-05
공모전,한국철도공사 대국민 서비스 아이디어 공모전,https://info.korail.com/info/selectBbsNttView.do?key=910&bbsNo=200&nttNo=20757,2024-01-08,2024-02-06
공모전,2024 미래도서관 정책 아이디어 해커톤대회,https://m.blog.naver.com/PostView.naver?blogId=412libraryday&logNo=223313426112&navType=by,2024-01-26,2024-02-06
경진대회,SenNet + HOA - Hacking the Human Vasculature in 3D,https://www.kaggle.com/competitions/blood-vessel-segmentation,2023-11-07,2024-02-06
공모전,국회 공공데이터 활용 경진대회,https://www.assembly00data.com/,2024-01-15,2024-02-07
공모전,Unhallucinate Challenge: 24 Hours Fight,https://lablab.ai/event/unhallucinate-challenge-24-hours-fight,2024-02-13,2024-02-14
공모전,[카카오 x 구름] 구름톤 9기,https://9oormthon.goorm.io/?utm_source=community&utm_medium=social&utm_content=open_9th,2024-02-01,2024-02-14
공모전,서울버스 서비스 개선방안 시민 아이디어 공모전,https://www.si.re.kr/node/67914,2024-01-22,2024-02-14
공모전,2024 대국민 혁신 아이디어 공모전,https://etk.srail.kr/cms/article/view.do?postNo=607&pageId=TK0502000000,2024-01-17,2024-02-15
공모전,[한빛미디어x조코딩] 천하제일 내만내웹+GPTs 활용대회,https://docs.google.com/forms/d/e/1FAIpQLSfGK3t5fs9jh3DSC7ACC1zLxQpfMuEb5goqm_fbicy0vflAcQ/viewform?fbclid=IwAR2APvUWvTjlQLNbTTFEHn-CVSJX1Ji2ry1Ga_wTWU0K2dUKFYfGgPhBRAE,2024-01-20,2024-02-16
공모전,포토샵 AI ‘생성형 채우기’ 사용 후기 공모전,https://www.loud.kr/contest/view/122067/brief,2024-01-12,2024-02-18
공모전,KOSIS 통계놀이터 프로젝트형 수업 자료 공모전,https://www.all-con.co.kr/view/contest/509297?page=1&sortname=cl_order&sortorder=asc&stx=KOSIS,2024-02-06,2024-02-19
공모전,2024 KF국민공공외교 프로젝트 공모,https://apply.kf.or.kr/selectNoticeAndApplicationView.nkf?anucNo=A1P0000928,2024-02-01,2024-02-21
경진대회,2024 세종테크노파크 대학생 AI경진대회,https://docs.google.com/forms/d/e/1FAIpQLSdtF_BP02TyKuU1t2nRNftwnwbr0b3EbrNcuMsrvcM42VHXmw/viewform,2024-02-05,2024-02-22
공모전,Google Developer Student Clubs Solution Challenge 2024,https://developers.google.com/community/gdsc-solution-challenge?hl=ko,2023-12-01,2024-02-22
공모전,GPT-4 Powered App Creation and Evals Hackathon,https://lablab.ai/event/gpt-4-powered-app-creation-hackathon,2024-02-17,2024-02-24
공모전,2024년 산림빅데이터 활용 해커톤,https://www.all-con.co.kr/view/contest/509109?page=1&sortname=cl_order&sortorder=asc&t=1&ct=&sc=&tg=,2024-02-01,2024-02-25
공모전,사회문제 해결을 위한 해커톤,https://kaps.or.kr/?p=35&page=1&viewMode=view&reqIdx=2401151507318139,2024-01-15,2024-02-25
경진대회,이커머스 고객 세분화 분석 아이디어 경진대회,https://dacon.io/competitions/official/236222/overview/description,2024-02-05,2024-02-26
공모전,인공지능으로 그려보는 해양수산의 미래상 공모전,https://docs.google.com/forms/d/e/1FAIpQLScaX3JuinOBzD6odmTCrXaeZwdX06zDbyJIiKCcmutb9Ut0_A/viewform,2024-02-05,2024-02-28
공모전,스마트도시 상주 아이디어 공모전,https://www.sangju.go.kr/gosi/detail.tc?mn=3016&pageSeq=2686&mgtNo=21266,2024-01-29,2024-02-28
공모전,행정안전부 디지털기반 공공서비스 개선을 위한 아이디어 공모,https://sotong.go.kr/front/qustnrNew/qustnrNewFrontView.do?qustnr_id=b0fa9f75db044934bc19ed73dff3c9fd&searchQustnrSttusCode=&searchQustnrSj=&orderBy=a&miv_pageNo=,2024-02-01,2024-02-29
경진대회,Multi-Class Prediction of Obesity Risk,https://www.kaggle.com/competitions/playground-series-s4e2,2024-02-01,2024-02-29
공모전,제2회 대한민국 NFT 디지털아트대전,https://m.mk.co.kr/evt/nft_contest_2024,2024-01-18,2024-02-29
경진대회,Chemotherapy Treatment Timelines Extraction from the Clinical Narrative,https://sites.google.com/view/chemotimelines2024/home-tba,2024-01-08,2024-03-01
경진대회,반도체 소자 이상 탐지 AI 경진대회,https://dacon.io/competitions/official/236224/overview/description,2024-02-05,2024-03-04
경진대회,도배 하자 질의 응답 처리 : 한솔데코 시즌2 AI 경진대회,https://dacon.io/competitions/official/236216/overview/description,2024-01-29,2024-03-11
공모전,MetLife Hack4Job Coding & Security,https://brand.metlife.co.kr/ep/hack/methack4job.do,2024-01-26,2024-03-12
공모전,2024 ICT 융합 프로젝트 공모전,https://www.devicemart.co.kr/board/view?id=award_board&seq=135156,2024-02-01,2024-03-31
공모전,홍채 인식 기술을 활용한 신제품 컨셉 아이디어 공모,https://www.ipmarket.or.kr/idearo/service/idc/chlg/idcDetail.do,2024-01-24,2024-03-31
공모전,SES cares 드론 활용 아이디어 공모전,https://sescares.com/#3,2024-01-30,2024-03-31
공모전,인공지능(AI)음악기술 플랫폼 베타테스트 및 아티스트 콜라보,https://www.all-con.co.kr/view/contest/508577?page=1&sortname=cl_order&sortorder=asc&t=1&ct=&sc=&tg=,2024-01-14,2024-03-31
경진대회,Generative Interior Design 2024,https://www.aicrowd.com/challenges/generative-interior-design-challenge-2024,2024-01-30,2024-04-01
경진대회,HMS - Harmful Brain Activity Classification,https://www.kaggle.com/competitions/hms-harmful-brain-activity-classification/overview,2024-01-08,2024-04-08
공모전,제1회 경상북도 국제 AI·메타버스 영화제,https://www.gb.go.kr/Main/page.do?mnu_uid=6792&dept_code=&dept_name=&BD_CODE=bbs_bodo&bdName=&cmd=2&Start=0&B_NUM=373453401&B_STEP=373453400&B_LEVEL=0&key=4&word=&p1=0&p2=0&V_NUM=8111&tbbscode1=bbs_bodo,2024-03-18,2024-04-18
공모전,2024 Chat GPT(챗GPT) 아이디어 공모전,https://www.hasworld.org/ur/boardDetail?bbsId=BBS_0000001&postNo=8,2024-02-05,2024-04-22
경진대회,The Learning Agency Lab - PII Data Detection,https://www.kaggle.com/competitions/pii-detection-removal-from-educational-data,2024-01-17,2024-04-23
공모전,삼성로지피아&한국물류시스템 산업기계 2024 1차 아이디어 공모전,https://www.all-con.co.kr/view/contest/508989?page=1&sortname=cl_order&sortorder=asc&t=1&ct=&sc=&tg=,2024-01-28,2024-04-28
경진대회,Home Credit - Credit Risk Model Stability,https://www.kaggle.com/competitions/home-credit-credit-risk-model-stability,2024-02-05,2024-05-06
공모전,한국스마트정보교육원 24년 상반기 SW개발 공모전,http://ksmart.or.kr/?c=5/9&m=hrd_bbs&mod=view&type=notice&idx=bbs_content_24013000003,2024-01-30,2024-06-28
공모전,2024년 전국민 아이디어 경진대회,https://www.ipmarket.or.kr/idearo/service/cmn/nct/CmnNoticeDetail.do?nctId=NOT_00000000000000002512&pageIndex=1&crntMnuId=CUST_1&pageNm=Customer,2024-02-01,2024-10-31
